timestamp,service,latency_p95,error_rate,cpu,memory,request_rate,restart_count,replica_gap,pod_ready,label
1774689350.0996742,frontend,682.8879729651568,0.7010000000000001,0.5431697582487575,0.38896617552847457,46.796593461590334,0,1,0.0,0
1774689350.0996804,cartservice,675.3948286649617,0.7010000000000001,0.5502494832212091,0.3891213699503331,46.173844201090226,0,1,0.0,0
1774689350.0996888,productcatalog,680.3450569874008,0.7010000000000001,0.5605496472213332,0.41285071049672833,50.62779591678981,0,1,0.0,0
1774689350.099691,currencyservice,676.3703479220736,0.7010000000000001,0.5399065386797808,0.38917334163672246,47.35514889560139,0,1,0.0,0
1774689350.0996928,checkoutservice,675.0137516087707,0.7010000000000001,0.55679515328396,0.409158237294871,54.63687732993028,0,1,0.0,0
1774689350.0996947,adservice,679.2303193611481,0.7010000000000001,0.5682545002228684,0.39420382777013163,48.092070193289004,0,1,0.0,0
1774689350.0996966,recommendservice,681.3772865974588,0.7010000000000001,0.5526460406926075,0.4037650525237554,52.46176527551989,0,1,0.0,0
1774689350.0996985,paymentservice,682.2039790901637,0.7010000000000001,0.5342803997907163,0.4123276096186896,51.34280771767421,0,1,0.0,0
1774689350.0997,shippingservice,684.3990823101248,0.7010000000000001,0.5474745219435093,0.4130384419928062,48.11388257946391,0,1,0.0,0
1774689350.0997016,emailservice,675.2910973922391,0.7010000000000001,0.5493154419937525,0.38875707277666466,53.50274952933144,0,1,0.0,0
1774689355.1227612,frontend,680.2652470978563,0.7010000000000001,0.5351348456837627,0.4025175734997218,45.0939555150926,0,1,0.0,0
1774689355.1227643,cartservice,681.1427701062963,0.7010000000000001,0.544121537406181,0.3867485617326751,46.16632554168687,0,1,0.0,0
1774689355.122766,productcatalog,680.118542497736,0.7010000000000001,0.5521893317887674,0.4069149663990737,50.499285065996574,0,1,0.0,0
1774689355.122768,currencyservice,678.4168439463008,0.7010000000000001,0.5510527811123388,0.3899436792654808,54.36707081097995,0,1,0.0,0
1774689355.1227694,checkoutservice,677.6571508618237,0.7010000000000001,0.5433401040969658,0.3935163241366738,52.63189097827611,0,1,0.0,0
1774689355.122771,adservice,679.3564421566405,0.7010000000000001,0.5310570318321768,0.39257596398828115,48.93173616218395,0,1,0.0,0
1774689355.122773,recommendservice,684.8631466245428,0.7010000000000001,0.5683653880873645,0.41169600753861985,48.16921292583365,0,1,0.0,0
1774689355.1227748,paymentservice,675.4894126386891,0.7010000000000001,0.5335762974794825,0.4016194513551213,54.58896480593302,0,1,0.0,0
1774689355.1227763,shippingservice,681.1737918405519,0.7010000000000001,0.5480043451492973,0.39788824566838193,54.55591758812279,0,1,0.0,0
1774689355.1227777,emailservice,676.447553291749,0.7010000000000001,0.538481193243152,0.39644387942475506,53.05865667701764,0,1,0.0,0
1774689360.143771,frontend,680.2692823526554,0.7010000000000001,0.5668142666291841,0.38548969177869247,47.98890799979863,0,1,0.0,0
1774689360.143774,cartservice,675.9282656017963,0.7010000000000001,0.5638027831464228,0.38410162278424265,52.34913491691075,0,1,0.0,0
1774689360.1437757,productcatalog,679.0234129976931,0.7010000000000001,0.5518584904359606,0.39073388219318994,52.322803381099845,0,1,0.0,0
1774689360.1437778,currencyservice,678.9434835363951,0.7010000000000001,0.5540726780573106,0.40758918109938314,47.315637463622586,0,1,0.0,0
1774689360.1437793,checkoutservice,682.655269070761,0.7010000000000001,0.5609995491653982,0.4128360411321255,53.911181396804984,0,1,0.0,0
1774689360.143781,adservice,675.9621771516944,0.7010000000000001,0.5359951680080947,0.3899923526566045,48.52846789904085,0,1,0.0,0
1774689360.1437826,recommendservice,681.7667581678079,0.7010000000000001,0.5552285877133454,0.4189096897822107,49.57495852087907,0,1,0.0,0
1774689360.143784,paymentservice,677.6569914533097,0.7010000000000001,0.5596059279029616,0.4159164023961244,53.95276379212922,0,1,0.0,0
1774689360.1437855,shippingservice,682.4854703456217,0.7010000000000001,0.5582514172177304,0.41230007163595217,50.629456266219435,0,1,0.0,0
1774689360.1437864,emailservice,680.9252438206428,0.7010000000000001,0.5510830427624928,0.4131034559162615,52.05526450816886,0,1,0.0,0
1774689365.173107,frontend,681.8554583008638,0.7010000000000001,0.5620440278675108,0.41121500247713566,50.4310360711619,0,1,0.0,0
1774689365.1731114,cartservice,682.8983841432324,0.7010000000000001,0.5630563154744294,0.3884986558441762,46.26588290715194,0,1,0.0,0
1774689365.1731148,productcatalog,677.0323539050428,0.7010000000000001,0.5644032896369119,0.3838798552275805,46.76059239603677,0,1,0.0,0
1774689365.1731179,currencyservice,679.269872285984,0.7010000000000001,0.5455633243127779,0.4116362665501048,45.35132719927702,0,1,0.0,0
1774689365.173121,checkoutservice,681.4439909407454,0.7010000000000001,0.5515633471129722,0.38115414698764594,49.97931648030551,0,1,0.0,0
1774689365.1731234,adservice,677.0829953507267,0.7010000000000001,0.5629304432295398,0.41925155940923164,46.96667503759102,0,1,0.0,0
1774689365.1731262,recommendservice,679.3074626280877,0.7010000000000001,0.5677987938243547,0.3990188822339556,50.34998955589741,0,1,0.0,0
1774689365.1731284,paymentservice,682.5867562407013,0.7010000000000001,0.5650488971500617,0.40250810802484926,47.81207285690478,0,1,0.0,0
1774689365.173131,shippingservice,682.1658399544751,0.7010000000000001,0.5628345326315252,0.3931680830117846,50.14203974230506,0,1,0.0,0
1774689365.1731331,emailservice,677.4100573431695,0.7010000000000001,0.5494948226002272,0.39267130454054805,46.546027346986286,0,1,0.0,0
1774689370.1960554,frontend,681.2668382286936,0.7010000000000001,0.531139709712422,0.38629155785019414,49.48044145697335,0,1,0.0,0
1774689370.1960592,cartservice,679.7252410886987,0.7010000000000001,0.5418783953174057,0.38478874046970346,49.79439186284362,0,1,0.0,0
1774689370.1960616,productcatalog,679.4317167530172,0.7010000000000001,0.5599374926684443,0.414429782805337,54.95924185118304,0,1,0.0,0
1774689370.1960638,currencyservice,675.9491458981986,0.7010000000000001,0.5377932379114166,0.38698000058866383,54.37462530813045,0,1,0.0,0
1774689370.1960654,checkoutservice,677.3902004036626,0.7010000000000001,0.5402992744187222,0.4174133689318348,53.22925003668082,0,1,0.0,0
1774689370.1960673,adservice,675.2239104389153,0.7010000000000001,0.5397435628927668,0.4090818123271771,48.632795842436764,0,1,0.0,0
1774689370.1960688,recommendservice,677.9076425511794,0.7010000000000001,0.5500805352342582,0.39890628317637555,45.117638145576606,0,1,0.0,0
1774689370.196071,paymentservice,681.3255208952246,0.7010000000000001,0.5670024107160174,0.4198097088948086,49.36356587631242,0,1,0.0,0
1774689370.1960723,shippingservice,675.4041854884822,0.7010000000000001,0.5546471359433771,0.39848569449221516,48.84505016515315,0,1,0.0,0
1774689370.1960738,emailservice,675.2323586725801,0.7010000000000001,0.5308983410868378,0.41644228077650314,53.18677455717868,0,1,0.0,0
1774689375.2138937,frontend,677.3232471420259,0.7010000000000001,0.567213044548279,0.4074134940210087,47.53248216158422,0,1,0.0,0
1774689375.2138977,cartservice,676.0874152883807,0.7010000000000001,0.5662880451303641,0.39292147714825276,51.65568528176003,0,1,0.0,0
1774689375.2139,productcatalog,678.9384932022245,0.7010000000000001,0.5380675805981767,0.4187327149467767,48.05920640624525,0,1,0.0,0
1774689375.213902,currencyservice,675.3313379301115,0.7010000000000001,0.5487133141792746,0.40211108258617423,47.21367241572667,0,1,0.0,0
1774689375.2139041,checkoutservice,684.3788512898581,0.7010000000000001,0.5392705784902152,0.41287741758315216,48.52697048872049,0,1,0.0,0
1774689375.2139063,adservice,675.5489198479959,0.7010000000000001,0.5573927858214324,0.39097124843892384,50.947985094283055,0,1,0.0,0
1774689375.2139077,recommendservice,675.3189872759818,0.7010000000000001,0.5444907312231809,0.4015206238843026,48.11089029743876,0,1,0.0,0
1774689375.2139091,paymentservice,684.2550012536149,0.7010000000000001,0.5469008949412788,0.382565478893982,49.65292924677883,0,1,0.0,0
1774689375.2139106,shippingservice,677.9269972243874,0.7010000000000001,0.544031762412883,0.39679898402282654,53.12177921735492,0,1,0.0,0
1774689375.2139118,emailservice,682.6223069317323,0.7010000000000001,0.5370220812106075,0.384414897357278,52.405203867907744,0,1,0.0,0
1774689380.232345,frontend,684.7514008963009,0.7010000000000001,0.5625927876812425,0.4097520427493108,49.74316671723772,0,1,0.0,0
1774689380.2323513,cartservice,679.8421468384716,0.7010000000000001,0.5349759291794959,0.3979831859717111,53.97319637129596,0,1,0.0,0
1774689380.2323596,productcatalog,680.9162249196594,0.7010000000000001,0.5448096751443076,0.39330557124199667,47.403784212173065,0,1,0.0,0
1774689380.2323627,currencyservice,680.016607442171,0.7010000000000001,0.5571896386738227,0.4178238405344487,45.56438915484375,0,1,0.0,0
1774689380.2323651,checkoutservice,681.9296782141233,0.7010000000000001,0.5592469299651124,0.41965377617553323,48.5312929833371,0,1,0.0,0
1774689380.2323678,adservice,680.1588483586172,0.7010000000000001,0.5617560204661742,0.4053731568365691,50.43888528402992,0,1,0.0,0
1774689380.23237,recommendservice,679.7611017321107,0.7010000000000001,0.5562662927772491,0.3947160030122109,50.2995295261119,0,1,0.0,0
1774689380.2323716,paymentservice,680.472619102959,0.7010000000000001,0.5335805663680341,0.3996768236306515,51.27748692714456,0,1,0.0,0
1774689380.232373,shippingservice,676.9994607794613,0.7010000000000001,0.5485369362075662,0.41270361553953094,51.792154737909996,0,1,0.0,0
1774689380.2323747,emailservice,681.7048305388691,0.7010000000000001,0.5674677791280526,0.39751668368328297,46.300628361377896,0,1,0.0,0
1774689385.2525835,frontend,678.4150438000586,0.7010000000000001,0.5606862999070397,0.38224571120832573,48.65081855970785,0,1,0.0,0
1774689385.252587,cartservice,681.9263480669551,0.7010000000000001,0.567621087268195,0.4169343750346884,48.68769149194105,0,1,0.0,0
1774689385.2525892,productcatalog,681.8464679204127,0.7010000000000001,0.5630677534511342,0.3994198306175114,45.028824594239765,0,1,0.0,0
1774689385.2525911,currencyservice,680.3153202874719,0.7010000000000001,0.548289613245688,0.40911771795133445,47.51873588885763,0,1,0.0,0
1774689385.252597,checkoutservice,682.7493065240482,0.7010000000000001,0.5658510225791584,0.41972728421173483,47.17630988439118,0,1,0.0,0
1774689385.2525988,adservice,679.2620001608747,0.7010000000000001,0.5333088373037289,0.402284677097418,46.04218910184599,0,1,0.0,0
1774689385.2526004,recommendservice,681.8749120661032,0.7010000000000001,0.5325400819386651,0.39989300153402035,49.22743943475134,0,1,0.0,0
1774689385.2526033,paymentservice,675.0925480516094,0.7010000000000001,0.5505957540328417,0.38653209897102936,50.3896034947164,0,1,0.0,0
1774689385.252605,shippingservice,680.6683521231262,0.7010000000000001,0.5626059959920571,0.40745267749812747,52.639916462247115,0,1,0.0,0
1774689385.2526066,emailservice,680.877287269849,0.7010000000000001,0.5353501035410221,0.3951095862112103,53.47086024092546,0,1,0.0,0
1774689390.2722957,frontend,681.3905335356648,0.7010000000000001,0.5389904334053265,0.41940289786042395,49.44846931596087,0,1,0.0,0
1774689390.2722998,cartservice,677.8276259821693,0.7010000000000001,0.5618429726916951,0.4157536403611518,52.73014480323284,0,1,0.0,0
1774689390.272302,productcatalog,678.7355196347559,0.7010000000000001,0.5683328933745767,0.40606209567300244,47.97737648790023,0,1,0.0,0
1774689390.2723036,currencyservice,676.0213059683063,0.7010000000000001,0.556225181342092,0.4032992468641338,54.70600040724231,0,1,0.0,0
1774689390.2723053,checkoutservice,683.6237803595048,0.7010000000000001,0.5366591398905692,0.39963963539608166,48.266673418372626,0,1,0.0,0
1774689390.2723067,adservice,678.2175216651037,0.7010000000000001,0.5542008178184777,0.39707890992067146,45.22466414796335,0,1,0.0,0
1774689390.272311,recommendservice,681.0072996061681,0.7010000000000001,0.5321991360893275,0.41764232956308256,45.048275744170724,0,1,0.0,0
1774689390.2723129,paymentservice,679.1772897380891,0.7010000000000001,0.5437227177885031,0.41897971036161835,49.37442842755053,0,1,0.0,0
1774689390.272314,shippingservice,677.3411580880664,0.7010000000000001,0.5445907014738952,0.39335443857690583,48.251553695078314,0,1,0.0,0
1774689390.2723155,emailservice,677.6784966708518,0.7010000000000001,0.5343664435184904,0.4161714707182105,52.608389317168225,0,1,0.0,0
1774689395.2929897,frontend,681.3642719639564,0.7010000000000001,0.5301509866519732,0.4165294656081448,51.948464790566746,0,1,0.0,0
1774689395.2929935,cartservice,676.2802793788909,0.7010000000000001,0.5676093082414957,0.3836631804501254,51.36433785934214,0,1,0.0,0
1774689395.2929957,productcatalog,678.3923040948968,0.7010000000000001,0.5658156801173279,0.3808484762691778,52.019188835144895,0,1,0.0,0
1774689395.2929983,currencyservice,678.8687262235657,0.7010000000000001,0.5453817078502408,0.3908699353966438,46.994159501590396,0,1,0.0,0
1774689395.2930248,checkoutservice,684.7013668175416,0.7010000000000001,0.5439491121644212,0.3980682093039705,49.816747779104304,0,1,0.0,0
1774689395.2930274,adservice,678.5423776618416,0.7010000000000001,0.5326937116831022,0.3836255364711269,53.22355254229643,0,1,0.0,0
1774689395.2930288,recommendservice,680.664272301485,0.7010000000000001,0.5439396419534136,0.3820934393198963,52.12859194663852,0,1,0.0,0
1774689395.2930307,paymentservice,679.9369732519768,0.7010000000000001,0.5430123833113719,0.3922086082436498,50.00917440518446,0,1,0.0,0
1774689395.2930348,shippingservice,679.6171969138907,0.7010000000000001,0.5320216709423558,0.38088604445595686,47.05147203981201,0,1,0.0,0
1774689395.293036,emailservice,681.6546438437726,0.7010000000000001,0.551552517754693,0.40904313668192255,46.376363400884415,0,1,0.0,0
1774689400.3184266,frontend,682.5542070000911,0.7010000000000001,0.5585371991000171,0.40773356290880497,46.34089339857221,0,1,0.0,0
1774689400.3184302,cartservice,677.9397335086089,0.7010000000000001,0.5469711464187924,0.41594061906906643,46.677228694565265,0,1,0.0,0
1774689400.3184326,productcatalog,679.9364816014084,0.7010000000000001,0.5652717919588743,0.4021133873987542,53.92922816335761,0,1,0.0,0
1774689400.3184345,currencyservice,678.6796505572386,0.7010000000000001,0.5384371764197153,0.4183107320974793,47.92178550561242,0,1,0.0,0
1774689400.3184361,checkoutservice,682.6558369358631,0.7010000000000001,0.5664229637617216,0.3998020051187174,51.453218207362106,0,1,0.0,0
1774689400.318441,adservice,676.0823032600728,0.7010000000000001,0.5695083906800157,0.38311300710502616,52.75939653281913,0,1,0.0,0
1774689400.3184426,recommendservice,676.6835332090793,0.7010000000000001,0.5314365073835399,0.4181844039267258,53.24176739994402,0,1,0.0,0
1774689400.3184443,paymentservice,681.1435530878252,0.7010000000000001,0.5529863604049022,0.4116739544724672,53.676008183130364,0,1,0.0,0
1774689400.3184457,shippingservice,676.0236475882796,0.7010000000000001,0.5493752925197449,0.41374447913639023,47.64381840103468,0,1,0.0,0
1774689400.318448,emailservice,675.9719345236542,0.7010000000000001,0.5447995692152292,0.3941356137917236,47.83541229189329,0,1,0.0,0
1774689405.3440742,frontend,682.4103610507058,0.7010000000000001,0.5318141708000723,0.41812420316729015,51.35315859497214,0,1,0.0,0
1774689405.3440814,cartservice,682.4887543154842,0.7010000000000001,0.5573856418733676,0.3913125371040855,54.68499261638557,0,1,0.0,0
1774689405.344091,productcatalog,680.4868334596841,0.7010000000000001,0.5695204495585766,0.4038935889058232,49.95818490573093,0,1,0.0,0
1774689405.344094,currencyservice,681.2615420727852,0.7010000000000001,0.5329526319076439,0.3928105875440762,46.2543349126865,0,1,0.0,0
1774689405.3440964,checkoutservice,684.0346953748016,0.7010000000000001,0.564258442552858,0.40798578825992204,48.35637004296888,0,1,0.0,0
1774689405.344099,adservice,683.8906442675463,0.7010000000000001,0.5330012544537137,0.3942103795769253,45.73378840727512,0,1,0.0,0
1774689405.3441024,recommendservice,680.9366042737138,0.7010000000000001,0.5653036134374485,0.4179684194999308,46.48650453095228,0,1,0.0,0
1774689405.3441057,paymentservice,684.115715853694,0.7010000000000001,0.5533441237908396,0.4107484926748208,49.98999701973574,0,1,0.0,0
1774689405.3441086,shippingservice,679.3706634745164,0.7010000000000001,0.5523672627216104,0.38631065274594467,50.26160995487907,0,1,0.0,0
1774689405.344111,emailservice,679.3582532289162,0.7010000000000001,0.565454446567612,0.4057816672691746,45.49397384226259,0,1,0.0,0
1774689410.367209,frontend,675.9719345699248,0.7010000000000001,0.566849807276529,0.41965525539717824,46.85479610504132,0,1,0.0,0
1774689410.3672125,cartservice,676.0956698992509,0.7010000000000001,0.5668424815685067,0.40757351060818503,49.44129183944883,0,1,0.0,0
1774689410.3672152,productcatalog,678.416199338056,0.7010000000000001,0.5657638793930615,0.4095474713717182,47.305241686021105,0,1,0.0,0
1774689410.3672168,currencyservice,677.8579603587697,0.7010000000000001,0.5401598980437291,0.39395754793833326,51.300532802250444,0,1,0.0,0
1774689410.3672216,checkoutservice,678.413766326069,0.7010000000000001,0.5491149961749202,0.41894947836639373,51.58496573014133,0,1,0.0,0
1774689410.3672233,adservice,681.982064873418,0.7010000000000001,0.5583328060574922,0.41600464151076855,53.389386585642285,0,1,0.0,0
1774689410.3672254,recommendservice,677.5041129485854,0.7010000000000001,0.5537274064330118,0.4096924866747007,53.62531669064754,0,1,0.0,0
1774689410.3672268,paymentservice,682.6128608831303,0.7010000000000001,0.5534264193954724,0.4120397664459021,46.37688163869578,0,1,0.0,0
1774689410.3672285,shippingservice,677.6976451357743,0.7010000000000001,0.558222646539097,0.39710812948845164,47.42060422372918,0,1,0.0,0
1774689410.367231,emailservice,677.8033885628618,0.7010000000000001,0.5601867617727068,0.39704035424120365,46.91395201088461,0,1,0.0,0
1774689415.3914602,frontend,684.9403834940151,0.7010000000000001,0.5656208838857265,0.41364541547900346,47.34239912280916,0,1,0.0,0
1774689415.3914664,cartservice,679.9369777011927,0.7010000000000001,0.5371769271530671,0.39157200942962245,52.39645578962034,0,1,0.0,0
1774689415.3914697,productcatalog,680.9155377100105,0.7010000000000001,0.5516040940979136,0.4143693705646981,51.29965497096201,0,1,0.0,0
1774689415.3914726,currencyservice,682.7272744201291,0.7010000000000001,0.5520067270779986,0.3836473846602299,50.39286976906222,0,1,0.0,0
1774689415.3914754,checkoutservice,681.5977439512403,0.7010000000000001,0.5302647888021209,0.4018066446426332,45.16208546619441,0,1,0.0,0
1774689415.391478,adservice,684.9068488806383,0.7010000000000001,0.5563698420894244,0.40855221850622003,54.1130129127565,0,1,0.0,0
1774689415.3914902,recommendservice,678.4982766324266,0.7010000000000001,0.5402698095501115,0.4141511862505911,49.535998963844406,0,1,0.0,0
1774689415.3914933,paymentservice,675.2381599966272,0.7010000000000001,0.5445166065023846,0.3802006433947861,48.043103314952994,0,1,0.0,0
1774689415.3914957,shippingservice,681.8787297612405,0.7010000000000001,0.5553127358029453,0.3924676319525549,47.314919001366334,0,1,0.0,0
1774689415.391498,emailservice,678.9587070965599,0.7010000000000001,0.5365116879364759,0.40424939668746257,52.408574835673,0,1,0.0,0
1774689420.409807,frontend,679.3987347703977,0.7010000000000001,0.5381194166682041,0.3995431069376549,51.03604628559024,0,1,0.0,0
1774689420.4098108,cartservice,677.3274072563504,0.7010000000000001,0.5351277614916801,0.40652094131316585,49.557841219023906,0,1,0.0,0
1774689420.4098127,productcatalog,681.1628494934087,0.7010000000000001,0.5621393756212344,0.39958479207062525,51.57313726013832,0,1,0.0,0
1774689420.4098144,currencyservice,676.0058060090594,0.7010000000000001,0.5615623291197408,0.41909706533189195,48.519664915581814,0,1,0.0,0
1774689420.4098158,checkoutservice,676.8081192729229,0.7010000000000001,0.5545054458552471,0.3906606781013284,53.877099457613355,0,1,0.0,0
1774689420.4098177,adservice,678.8251095460619,0.7010000000000001,0.5312038343515589,0.384463436400052,52.57030157413012,0,1,0.0,0
1774689420.4098191,recommendservice,675.3343657166575,0.7010000000000001,0.5617192701123425,0.3868385702301878,52.957004899384046,0,1,0.0,0
1774689420.409821,paymentservice,680.7459622369793,0.7010000000000001,0.5651439300955666,0.39718915580010056,50.158606867623476,0,1,0.0,0
1774689420.4098258,shippingservice,677.4106565437423,0.7010000000000001,0.5301917698469312,0.38033768323597106,54.03040671226856,0,1,0.0,0
1774689420.4098299,emailservice,677.6286735088763,0.7010000000000001,0.5509307538834802,0.38982708422899137,49.01138422025008,0,1,0.0,0
1774689425.4335494,frontend,681.2051337966705,0.7010000000000001,0.562968684629294,0.3851392851625933,47.35082488940963,0,1,0.0,0
1774689425.4335535,cartservice,681.1413427864385,0.7010000000000001,0.5645450928571185,0.38772153907500356,47.833543613779156,0,1,0.0,0
1774689425.433556,productcatalog,675.3741349164695,0.7010000000000001,0.5646393292991487,0.3803075094961542,53.07315671956909,0,1,0.0,0
1774689425.433558,currencyservice,675.1862541793287,0.7010000000000001,0.539001352274739,0.3859782254935775,51.49050453669719,0,1,0.0,0
1774689425.43356,checkoutservice,678.2979487283618,0.7010000000000001,0.5558288974685631,0.4181911384823964,49.32717837830743,0,1,0.0,0
1774689425.4335616,adservice,684.2316441779925,0.7010000000000001,0.5302354780525396,0.41131035854243675,47.0516206639045,0,1,0.0,0
1774689425.4335632,recommendservice,683.4228645787932,0.7010000000000001,0.544952345933683,0.40905592165898563,47.202001765084496,0,1,0.0,0
1774689425.4335647,paymentservice,681.4908094323343,0.7010000000000001,0.5574456672276432,0.38384303523166147,52.948559521916636,0,1,0.0,0
1774689425.433566,shippingservice,675.0203026438535,0.7010000000000001,0.5302115999790616,0.41069268412408966,53.16705864840522,0,1,0.0,0
1774689425.4335675,emailservice,680.7235953083443,0.7010000000000001,0.5345891065770417,0.40480317150575895,49.519249533189296,0,1,0.0,0
1774689430.4571164,frontend,682.4753087547429,0.7010000000000001,0.5471815454721511,0.41579510540310005,53.69507287760659,0,1,0.0,0
1774689430.4571223,cartservice,684.019560033999,0.7010000000000001,0.5611625791768678,0.41108112018307535,50.43291333851138,0,1,0.0,0
1774689430.4571328,productcatalog,680.8706810075902,0.7010000000000001,0.5346752076096084,0.4020045418327137,52.23755275279273,0,1,0.0,0
1774689430.4571362,currencyservice,679.247334740483,0.7010000000000001,0.5354917070633884,0.40129960683037436,54.08850328187906,0,1,0.0,0
1774689430.4571385,checkoutservice,684.3541352482569,0.7010000000000001,0.5595036619758839,0.41516404075499835,47.99705231208165,0,1,0.0,0
1774689430.4571407,adservice,684.8433428077842,0.7010000000000001,0.534684893100477,0.39398858846201,51.51445166272838,0,1,0.0,0
1774689430.457143,recommendservice,681.4423461054471,0.7010000000000001,0.5686174960216734,0.39801725170364166,53.11166281669286,0,1,0.0,0
1774689430.4571455,paymentservice,677.5217420950152,0.7010000000000001,0.5538267497526537,0.3966666188445132,52.58996283384661,0,1,0.0,0
1774689430.4571478,shippingservice,680.8156731481304,0.7010000000000001,0.5484447763517796,0.4138478944862321,46.73287280914643,0,1,0.0,0
1774689430.4571505,emailservice,683.5868287533564,0.7010000000000001,0.5676847920035585,0.40275542517405044,52.84121559654234,0,1,0.0,0
1774689435.474703,frontend,683.9000247445164,0.7010000000000001,0.5632950152649496,0.38090918564812076,45.06461179455316,0,1,0.0,0
1774689435.474707,cartservice,677.9613498533863,0.7010000000000001,0.5659304779541067,0.39915078158344774,52.688794198227015,0,1,0.0,0
1774689435.4747095,productcatalog,676.2569237435234,0.7010000000000001,0.5392164891315439,0.3993759695148496,47.750396826196614,0,1,0.0,0
1774689435.4747126,currencyservice,682.4033280616854,0.7010000000000001,0.5667454770691304,0.3997077567080223,47.03972545619469,0,1,0.0,0
1774689435.4747167,checkoutservice,676.4820312947032,0.7010000000000001,0.543932977128273,0.40876915561340654,51.03946193438108,0,1,0.0,0
1774689435.4747188,adservice,681.5943632067765,0.7010000000000001,0.5302330687852586,0.41259176358143573,49.250631503507734,0,1,0.0,0
1774689435.4747205,recommendservice,684.0113404032213,0.7010000000000001,0.5439065851403564,0.3948368000171927,50.90383713901614,0,1,0.0,0
1774689435.4747221,paymentservice,675.4364883122868,0.7010000000000001,0.5624491151688623,0.386045039770308,49.6715374643797,0,1,0.0,0
1774689435.4747236,shippingservice,680.6920152403216,0.7010000000000001,0.5445263842099853,0.3833267572967612,49.81384158258689,0,1,0.0,0
1774689435.474725,emailservice,684.4562996901014,0.7010000000000001,0.536347079043507,0.4199804597357617,47.244015776662344,0,1,0.0,0
1774689440.499065,frontend,677.8311764983462,0.7010000000000001,0.562450802237704,0.40046001300819595,47.56218599552556,0,1,0.0,0
1774689440.4990685,cartservice,683.0802624572972,0.7010000000000001,0.5324928747065224,0.3932297654752892,50.19709524810137,0,1,0.0,0
1774689440.4990704,productcatalog,683.8173277674505,0.7010000000000001,0.556662897375984,0.3989191145953357,53.77667483318379,0,1,0.0,0
1774689440.4990723,currencyservice,677.6290638482603,0.7010000000000001,0.5334441628033232,0.41573991924351644,45.74064070307686,0,1,0.0,0
1774689440.499074,checkoutservice,677.8878784859573,0.7010000000000001,0.5656813045651651,0.41027203219726455,52.27609126902804,0,1,0.0,0
1774689440.4990757,adservice,681.1169669125926,0.7010000000000001,0.5322120409791845,0.4102269189657606,53.52975441176006,0,1,0.0,0
1774689440.4990792,recommendservice,676.2167160741755,0.7010000000000001,0.5353637095573289,0.38799834400858396,48.143797269196426,0,1,0.0,0
1774689440.4990807,paymentservice,677.4057942033908,0.7010000000000001,0.537288200304574,0.41854507463307555,49.359827356285386,0,1,0.0,0
1774689440.499082,shippingservice,680.9118748513051,0.7010000000000001,0.5588558940551729,0.3830079227218774,49.748951863624555,0,1,0.0,0
1774689440.4990833,emailservice,676.1167681319076,0.7010000000000001,0.5635189733911978,0.4034787098483762,53.63136672238908,0,1,0.0,0
1774689445.5163743,frontend,680.706923581055,0.7010000000000001,0.5576252281580065,0.3818985534698663,49.57642769373528,0,1,0.0,0
1774689445.5163777,cartservice,675.032317542721,0.7010000000000001,0.5326150667954755,0.41214260065137254,48.96173198428371,0,1,0.0,0
1774689445.5163796,productcatalog,678.7251192958919,0.7010000000000001,0.5416276952945558,0.39506658613863976,52.771925649800686,0,1,0.0,0
1774689445.5163813,currencyservice,678.0252291241952,0.7010000000000001,0.5578258641419572,0.3872121245888056,54.82129527579566,0,1,0.0,0
1774689445.5163827,checkoutservice,682.2537935675458,0.7010000000000001,0.541644269523564,0.41475355199830644,54.886341246507435,0,1,0.0,0
1774689445.516384,adservice,677.9952641840076,0.7010000000000001,0.5569311142451696,0.4165841867617379,53.45646446684624,0,1,0.0,0
1774689445.5163853,recommendservice,678.2904058476681,0.7010000000000001,0.5322640403019392,0.4147267461494807,47.41996955209598,0,1,0.0,0
1774689445.5163867,paymentservice,676.595016817246,0.7010000000000001,0.561141051355655,0.39537978061897155,46.276479995773464,0,1,0.0,0
1774689445.5163913,shippingservice,679.4881724779273,0.7010000000000001,0.5536051156416609,0.39274589359296747,50.80402307609213,0,1,0.0,0
1774689445.5163925,emailservice,684.6283739206748,0.7010000000000001,0.5377944323351087,0.3914371144845026,51.178945719458234,0,1,0.0,0
1774689450.5381143,frontend,675.886695314619,0.7010000000000001,0.5449342207784283,0.3818604393795724,45.509105366484675,0,1,0.0,0
1774689450.5381222,cartservice,683.310996854981,0.7010000000000001,0.5317365472197356,0.382367656319763,50.26730961282321,0,1,0.0,0
1774689450.5381258,productcatalog,678.5745490746342,0.7010000000000001,0.5403775979740056,0.41789409091301494,48.28170954849826,0,1,0.0,0
1774689450.5381281,currencyservice,675.4379409126149,0.7010000000000001,0.5514278297649473,0.3877767050811031,50.10933615897743,0,1,0.0,0
1774689450.5381312,checkoutservice,679.1340260730585,0.7010000000000001,0.5622867016800833,0.40676221557831094,47.965567172857625,0,1,0.0,0
1774689450.538134,adservice,681.4254248454754,0.7010000000000001,0.5304385220019892,0.3986564363227149,53.23352059676843,0,1,0.0,0
1774689450.5381365,recommendservice,683.2832759357074,0.7010000000000001,0.5506202961610329,0.41931348610480484,47.605012732486195,0,1,0.0,0
1774689450.538139,paymentservice,678.7157533443363,0.7010000000000001,0.5566177533232475,0.41318105538342587,45.44301463412356,0,1,0.0,0
1774689450.5381417,shippingservice,675.9932017708087,0.7010000000000001,0.5375568301022665,0.3960147441900332,50.076085771852675,0,1,0.0,0
1774689450.538144,emailservice,676.6118893131855,0.7010000000000001,0.565748014741925,0.4052891896794716,54.23710459422489,0,1,0.0,0
1774689455.5558743,frontend,675.9347081946779,0.7010000000000001,0.560942945802306,0.39189479173096753,49.32815100477624,0,1,0.0,0
1774689455.5558782,cartservice,679.1645714392718,0.7010000000000001,0.5352460976900535,0.4175998154028452,52.63383047805475,0,1,0.0,0
1774689455.555885,productcatalog,682.7324568007326,0.7010000000000001,0.5611212167827166,0.389180691548457,51.39673810405148,0,1,0.0,0
1774689455.5558867,currencyservice,676.7518751001011,0.7010000000000001,0.5504261633138592,0.39796336784797964,51.7776838205652,0,1,0.0,0
1774689455.5558887,checkoutservice,679.5245645775069,0.7010000000000001,0.5336959681793747,0.4122050202719432,52.68564260545969,0,1,0.0,0
1774689455.5558903,adservice,676.4183074615627,0.7010000000000001,0.5685054080940213,0.4160237012201988,52.56943439756599,0,1,0.0,0
1774689455.555892,recommendservice,679.9854020906332,0.7010000000000001,0.5598756956562909,0.39584931739286183,50.59266142738022,0,1,0.0,0
1774689455.5558937,paymentservice,684.5815022619494,0.7010000000000001,0.5498312968064822,0.39635343591901157,47.11762327593095,0,1,0.0,0
1774689455.5558953,shippingservice,677.5830116199185,0.7010000000000001,0.5478479430261357,0.38669661115844867,47.27006565965205,0,1,0.0,0
1774689455.5558965,emailservice,679.0113769129063,0.7010000000000001,0.5597877401356112,0.3890052862271037,46.505208528597755,0,1,0.0,0
1774689460.5748098,frontend,681.0317422024318,0.7010000000000001,0.5539722024672107,0.3891518620655497,46.08487719091195,0,1,0.0,0
1774689460.5748134,cartservice,683.4576210437093,0.7010000000000001,0.5627742158570728,0.3853305169673448,54.09458855564591,0,1,0.0,0
1774689460.574816,productcatalog,679.4763980004408,0.7010000000000001,0.5674765811269231,0.3819259964626911,53.382798122767824,0,1,0.0,0
1774689460.5748186,currencyservice,677.0679625525128,0.7010000000000001,0.5447998977640768,0.4115679001614974,49.95501623907224,0,1,0.0,0
1774689460.5748255,checkoutservice,680.6667451144752,0.7010000000000001,0.5431162533923372,0.3965892837159796,45.247121176963645,0,1,0.0,0
1774689460.5748272,adservice,683.7797844499271,0.7010000000000001,0.5444990441460206,0.3885938524239837,51.54135580762361,0,1,0.0,0
1774689460.574829,recommendservice,683.9850829360109,0.7010000000000001,0.5626073871261575,0.40361696082075754,48.66003193600838,0,1,0.0,0
1774689460.5748308,paymentservice,682.7313455076205,0.7010000000000001,0.5475417056410166,0.39047888462009966,50.38856658914487,0,1,0.0,0
1774689460.574833,shippingservice,683.0239987707178,0.7010000000000001,0.5647892344205532,0.3808358636691228,52.454335243585234,0,1,0.0,0
1774689460.574834,emailservice,682.8994953718253,0.7010000000000001,0.552780305182726,0.39415506685469837,46.539988642030146,0,1,0.0,0
1774689465.592795,frontend,675.0897441078152,0.7010000000000001,0.538785226134978,0.4192823629759465,51.22757829253113,0,1,0.0,0
1774689465.5928001,cartservice,678.5867761483246,0.7010000000000001,0.5382857370767741,0.384121187644472,49.15995015693573,0,1,0.0,0
1774689465.5928032,productcatalog,684.1794895999423,0.7010000000000001,0.5672739534640067,0.39914690751069826,49.814754199144524,0,1,0.0,0
1774689465.5928078,currencyservice,683.7015760916456,0.7010000000000001,0.5375615108396659,0.3804604690218103,47.88272014555247,0,1,0.0,0
1774689465.59281,checkoutservice,677.7152132148179,0.7010000000000001,0.539714561485422,0.4031440838991183,47.56794706711674,0,1,0.0,0
1774689465.5928123,adservice,684.5306129829258,0.7010000000000001,0.5428717509893178,0.39358835865547775,50.203654722612015,0,1,0.0,0
1774689465.5928192,recommendservice,682.9213513918595,0.7010000000000001,0.5335700356623695,0.381563241891412,53.79579191765699,0,1,0.0,0
1774689465.5928216,paymentservice,682.6077793242937,0.7010000000000001,0.5317830157358283,0.3824302227439184,54.05777090603933,0,1,0.0,0
1774689465.5928235,shippingservice,675.5002131027796,0.7010000000000001,0.5461393714030508,0.4198818839042995,53.263568529710405,0,1,0.0,0
1774689465.5928254,emailservice,680.6793118302527,0.7010000000000001,0.5360734298616314,0.3906943642200966,52.673862868480306,0,1,0.0,0
1774689470.6111956,frontend,680.7486314258957,0.7010000000000001,0.5519388913888977,0.4172278106696212,51.315656372734395,0,1,0.0,0
1774689470.6111994,cartservice,677.2097562661671,0.7010000000000001,0.5374866618769114,0.4197350100997933,52.60127221413053,0,1,0.0,0
1774689470.6112015,productcatalog,683.1298949891965,0.7010000000000001,0.5471221692180809,0.4159094267724707,53.8347943465492,0,1,0.0,0
1774689470.6112034,currencyservice,677.338165634487,0.7010000000000001,0.5612154188781714,0.38108529432640653,51.39758873811262,0,1,0.0,0
1774689470.611205,checkoutservice,680.6428888071173,0.7010000000000001,0.5580294595082171,0.3935087355915813,54.08779008597526,0,1,0.0,0
1774689470.6112068,adservice,680.9868743824651,0.7010000000000001,0.5669841706338974,0.398737801504573,49.6756459494463,0,1,0.0,0
1774689470.6112082,recommendservice,676.1740520418922,0.7010000000000001,0.5340326773982884,0.41748928860337464,51.100888993148935,0,1,0.0,0
1774689470.6112096,paymentservice,681.2160266439864,0.7010000000000001,0.544655016558729,0.41274104911560083,48.872454546163226,0,1,0.0,0
1774689470.6112127,shippingservice,677.6279939989771,0.7010000000000001,0.5623303896273415,0.39291373332547697,53.973469801366235,0,1,0.0,0
1774689470.6112142,emailservice,678.5045744889595,0.7010000000000001,0.5635364783661518,0.38264818009890206,51.98021591185517,0,1,0.0,0
1774689475.6289392,frontend,680.0252177121739,0.7010000000000001,0.569393791660689,0.4158137737992379,48.82144949224744,0,1,0.0,0
1774689475.628943,cartservice,681.4305309992656,0.7010000000000001,0.5639615141899111,0.4033824675609069,48.29697821985985,0,1,0.0,0
1774689475.6289449,productcatalog,679.9904013050639,0.7010000000000001,0.5502060809298083,0.40722310077557117,46.91173707768054,0,1,0.0,0
1774689475.6289468,currencyservice,675.6767835359602,0.7010000000000001,0.5597436356637406,0.4067727419990863,54.7055233873003,0,1,0.0,0
1774689475.6289513,checkoutservice,683.2834944724599,0.7010000000000001,0.5631995172189203,0.3821560683568036,49.90769631111889,0,1,0.0,0
1774689475.6289527,adservice,676.3539289906755,0.7010000000000001,0.5552000031989944,0.40455370061799384,45.92594670677421,0,1,0.0,0
1774689475.6289542,recommendservice,684.4179595575677,0.7010000000000001,0.5387886601775046,0.39587699021796297,53.08273799741536,0,1,0.0,0
1774689475.6289556,paymentservice,680.6269877668194,0.7010000000000001,0.5381648876286601,0.39439491782915415,45.85242812625918,0,1,0.0,0
1774689475.628957,shippingservice,680.6427577737048,0.7010000000000001,0.5498926349182537,0.4151866256938452,45.58835996989643,0,1,0.0,0
1774689475.6289582,emailservice,679.8344848737627,0.7010000000000001,0.5506493630417373,0.38729929558796866,51.78430661110758,0,1,0.0,0
1774689480.6751468,frontend,682.7612801296343,0.7010000000000001,0.5626915928531587,0.38750066268498234,49.968414421844734,0,1,0.0,0
1774689480.6751504,cartservice,684.8787665300661,0.7010000000000001,0.5564148749382536,0.4041725049474838,47.59782924594608,0,1,0.0,0
1774689480.6751528,productcatalog,679.3720936572739,0.7010000000000001,0.5508104857873405,0.41621092077372684,53.78542741936981,0,1,0.0,0
1774689480.6751547,currencyservice,677.9785151622112,0.7010000000000001,0.5433303597036471,0.4179996434312489,49.61435593360734,0,1,0.0,0
1774689480.6751568,checkoutservice,679.6284612957029,0.7010000000000001,0.5394307909058558,0.4014311420386983,54.99912432727068,0,1,0.0,0
1774689480.6751587,adservice,676.1091873386869,0.7010000000000001,0.549850785531708,0.40041951599099546,53.12961774912692,0,1,0.0,0
1774689480.6751604,recommendservice,675.1283675508718,0.7010000000000001,0.5315087780116821,0.41018985434101096,54.89119175475045,0,1,0.0,0
1774689480.675162,paymentservice,684.4413503221391,0.7010000000000001,0.5521679660983119,0.4117931027438069,50.19989478378609,0,1,0.0,0
1774689480.6751637,shippingservice,678.3749967888058,0.7010000000000001,0.5474457304530066,0.395105292635252,47.14462966639184,0,1,0.0,0
1774689480.675166,emailservice,681.5462341630868,0.7010000000000001,0.5591422311036203,0.38734927033977534,50.467043376734836,0,1,0.0,0
1774689485.6919978,frontend,682.5112460397315,0.7010000000000001,0.5595334898623926,0.41128714990731474,49.52990271805753,0,1,0.0,0
1774689485.6920257,cartservice,677.5215653615732,0.7010000000000001,0.541503384538801,0.38465191013667344,48.50452684445715,0,1,0.0,0
1774689485.692028,productcatalog,682.384245440261,0.7010000000000001,0.5536105133990353,0.40304983008089673,49.09623654099084,0,1,0.0,0
1774689485.69203,currencyservice,679.2172289526691,0.7010000000000001,0.5344504621424954,0.41348683579078566,48.19472662524597,0,1,0.0,0
1774689485.6920319,checkoutservice,683.261885815589,0.7010000000000001,0.5368426984679229,0.41462754792529705,49.46770645371968,0,1,0.0,0
1774689485.6920338,adservice,681.5825159049618,0.7010000000000001,0.5472771142485651,0.3978791239053717,50.5920248779723,0,1,0.0,0
1774689485.692035,recommendservice,678.3987084751682,0.7010000000000001,0.5601503017130784,0.41263943488891286,49.34113621912333,0,1,0.0,0
1774689485.6920366,paymentservice,675.8491791167406,0.7010000000000001,0.5351852904657952,0.39819946997569255,49.526282725854635,0,1,0.0,0
1774689485.692038,shippingservice,679.1047558004943,0.7010000000000001,0.5553661798685383,0.4066174709796452,49.17200965706845,0,1,0.0,0
1774689485.6920395,emailservice,677.0132513514595,0.7010000000000001,0.5583629204307851,0.38389123143294157,45.88374566570511,0,1,0.0,0
1774689490.7091374,frontend,678.6011160407652,0.7010000000000001,0.5569757588190615,0.3893287170836986,54.0873272900838,0,1,0.0,0
1774689490.7091408,cartservice,682.884489668574,0.7010000000000001,0.5429012320414517,0.3985075492971853,52.61806109811559,0,1,0.0,0
1774689490.709143,productcatalog,680.0869048563068,0.7010000000000001,0.557134765924533,0.4179390357729482,47.749973830216824,0,1,0.0,0
1774689490.7091448,currencyservice,680.026389632588,0.7010000000000001,0.5576519570366896,0.3886240604262716,49.91065405491569,0,1,0.0,0
1774689490.7091463,checkoutservice,679.5607186320807,0.7010000000000001,0.5541413186861346,0.41526676228719145,51.00440956907197,0,1,0.0,0
1774689490.709148,adservice,677.9783254850457,0.7010000000000001,0.5698318202480596,0.3888086769246666,46.29230147845828,0,1,0.0,0
1774689490.7091496,recommendservice,682.9862845536411,0.7010000000000001,0.5603499256284245,0.40518857132720826,47.807390870185046,0,1,0.0,0
1774689490.7091513,paymentservice,676.3703131572477,0.7010000000000001,0.5321078208102199,0.3832895647734522,49.874892659816254,0,1,0.0,0
1774689490.7091527,shippingservice,684.8656789810493,0.7010000000000001,0.5602466266067675,0.3830452898773372,48.66539262389956,0,1,0.0,0
1774689490.7091544,emailservice,680.1010675337219,0.7010000000000001,0.55510875974671,0.39212593901943704,52.31719655831518,0,1,0.0,0
1774689495.7267983,frontend,675.2807837850611,0.7010000000000001,0.5612295965727058,0.38876911825812116,46.471133117863126,0,1,0.0,0
1774689495.7268016,cartservice,683.4901702162515,0.7010000000000001,0.5591321667171055,0.3975873509628835,50.77955630457436,0,1,0.0,0
1774689495.7268047,productcatalog,680.9476969757377,0.7010000000000001,0.5691353928467119,0.4179834275338582,45.79505891019265,0,1,0.0,0
1774689495.7268066,currencyservice,681.6858981160442,0.7010000000000001,0.5608807645620789,0.38439167737230157,47.69784424669275,0,1,0.0,0
1774689495.7268078,checkoutservice,676.7090343870383,0.7010000000000001,0.5525730108204336,0.3966663353844257,45.68244405308256,0,1,0.0,0
1774689495.7268093,adservice,684.1346304051953,0.7010000000000001,0.568122345249346,0.4121476590179296,51.30498995979595,0,1,0.0,0
1774689495.7268107,recommendservice,679.904932129816,0.7010000000000001,0.569984141589477,0.41314689807446364,49.19584908881221,0,1,0.0,0
1774689495.7268121,paymentservice,677.1846856050431,0.7010000000000001,0.5467407095779231,0.3934328659523885,52.202699458928265,0,1,0.0,0
1774689495.7268138,shippingservice,680.026773476,0.7010000000000001,0.5684271867626401,0.3875609431798695,53.77195227582712,0,1,0.0,0
1774689495.726815,emailservice,681.3673752381903,0.7010000000000001,0.5553598014946299,0.4113273019467325,53.05076027589817,0,1,0.0,0
1774689500.744579,frontend,677.5039187790707,0.7010000000000001,0.55282247576956,0.38774115415083255,48.8668554799127,0,1,0.0,0
1774689500.7445838,cartservice,680.4026235935995,0.7010000000000001,0.5375332303361605,0.40607968528873994,46.509030099469044,0,1,0.0,0
1774689500.7445867,productcatalog,680.500131151895,0.7010000000000001,0.5315059469356423,0.4191924856595129,47.620116083649144,0,1,0.0,0
1774689500.7445893,currencyservice,681.5395388209168,0.7010000000000001,0.5687248505476445,0.409262207291475,50.34868130735087,0,1,0.0,0
1774689500.7445917,checkoutservice,679.5480469984216,0.7010000000000001,0.5319398102851316,0.41178130283756176,45.18671817635001,0,1,0.0,0
1774689500.7445939,adservice,681.8176815218372,0.7010000000000001,0.5472991513655876,0.40844698685374703,47.83661521484583,0,1,0.0,0
1774689500.7445965,recommendservice,677.6825361975663,0.7010000000000001,0.5374514308135425,0.38194492748131015,53.47534248175144,0,1,0.0,0
1774689500.7445989,paymentservice,679.3539062369553,0.7010000000000001,0.5610847982898689,0.4182710690799613,46.708385384912404,0,1,0.0,0
1774689500.744601,shippingservice,675.5060297787428,0.7010000000000001,0.5352238510995792,0.41510593801637957,52.300501999585244,0,1,0.0,0
1774689500.7446043,emailservice,679.7820747949459,0.7010000000000001,0.5412398017891182,0.3994592511450318,49.21481025496267,0,1,0.0,0
1774689505.7635949,frontend,679.4040383112808,0.7010000000000001,0.5491211635605684,0.4039095638463394,48.96261206675078,0,1,0.0,0
1774689505.7635984,cartservice,684.702915416365,0.7010000000000001,0.5348735839219576,0.3963240882176581,46.618063468643044,0,1,0.0,0
1774689505.7636006,productcatalog,683.749699732985,0.7010000000000001,0.557498720073928,0.39923930006151764,54.019847030333224,0,1,0.0,0
1774689505.7636027,currencyservice,684.6167259252638,0.7010000000000001,0.5520014666128537,0.4157272736724081,50.82192461815329,0,1,0.0,0
1774689505.7636042,checkoutservice,680.543286762243,0.7010000000000001,0.5401551046795152,0.3843468651768677,48.715496525745465,0,1,0.0,0
1774689505.763606,adservice,684.0380826138663,0.7010000000000001,0.5406707012042692,0.402216013053748,54.698506928720924,0,1,0.0,0
1774689505.7636082,recommendservice,683.6982932950558,0.7010000000000001,0.5664097560898428,0.39694099660690474,46.915070343722725,0,1,0.0,0
1774689505.76361,paymentservice,684.257621228553,0.7010000000000001,0.5519875782752213,0.4186846023191405,47.80847181585601,0,1,0.0,0
1774689505.7636116,shippingservice,679.192734717823,0.7010000000000001,0.5521558236850087,0.4039350049160056,49.622917364247364,0,1,0.0,0
1774689505.763613,emailservice,680.1561171534615,0.7010000000000001,0.5368193442089179,0.3971820689460762,52.58457790649608,0,1,0.0,0
1774689510.7805526,frontend,678.8930319221223,0.7010000000000001,0.5613610991743033,0.4178942730343929,46.56347433699729,0,1,0.0,0
1774689510.780557,cartservice,675.6373774612692,0.7010000000000001,0.5487040505455463,0.4121397861843001,54.09961462532188,0,1,0.0,0
1774689510.7805593,productcatalog,680.7902711174594,0.7010000000000001,0.5546352706544451,0.40505259914632835,45.26108387858478,0,1,0.0,0
1774689510.7805612,currencyservice,681.3232757142653,0.7010000000000001,0.5431704199242151,0.38575985419670983,54.13527582827473,0,1,0.0,0
1774689510.7805634,checkoutservice,684.5606337150525,0.7010000000000001,0.5399331821839222,0.3937189586939144,50.927302846851866,0,1,0.0,0
1774689510.780565,adservice,681.0718138050387,0.7010000000000001,0.5699565949815297,0.39664851607020524,49.75076204140235,0,1,0.0,0
1774689510.7805667,recommendservice,681.9175436911814,0.7010000000000001,0.5385227783010241,0.41596585652172474,53.09043109497155,0,1,0.0,0
1774689510.7805686,paymentservice,676.4675247971177,0.7010000000000001,0.5420136355078758,0.39861263196172986,47.54508601805643,0,1,0.0,0
1774689510.78057,shippingservice,684.1490887267554,0.7010000000000001,0.564659871688402,0.3817173628012221,48.027547636625016,0,1,0.0,0
1774689510.7805715,emailservice,676.6854078374826,0.7010000000000001,0.563744103355049,0.3947836435565321,51.36447301884766,0,1,0.0,0
1774689515.7978473,frontend,679.9262166746988,0.7010000000000001,0.5383864982912364,0.40251102663853233,49.781519426243534,0,1,0.0,0
1774689515.797851,cartservice,675.2306742591035,0.7010000000000001,0.5687362980478621,0.39063018781704534,52.06973122647894,0,1,0.0,0
1774689515.7978532,productcatalog,683.9222288379091,0.7010000000000001,0.553966213266258,0.3850716072061297,45.599348939188694,0,1,0.0,0
1774689515.7978551,currencyservice,680.9884233762366,0.7010000000000001,0.5465019792896921,0.38354252153582186,49.14943356667897,0,1,0.0,0
1774689515.797857,checkoutservice,675.7400789945019,0.7010000000000001,0.5470044017496615,0.3990025598468745,53.10289178628921,0,1,0.0,0
1774689515.797859,adservice,676.3992090390216,0.7010000000000001,0.5320651145960912,0.3853913302729779,48.2935392744865,0,1,0.0,0
1774689515.7978609,recommendservice,683.1209040314109,0.7010000000000001,0.548624590390242,0.4140449641166843,50.91864013904541,0,1,0.0,0
1774689515.7978628,paymentservice,684.7441294262829,0.7010000000000001,0.5608191605129812,0.40903918488758517,48.12334644160353,0,1,0.0,0
1774689515.7978647,shippingservice,675.9200698157834,0.7010000000000001,0.5613158202836936,0.4112541084288706,54.230468373295054,0,1,0.0,0
1774689515.7978659,emailservice,684.8106398317138,0.7010000000000001,0.5528341202052944,0.4183252982170029,46.74541749202208,0,1,0.0,0
1774689520.8155122,frontend,682.9758389736539,0.7010000000000001,0.5371734635233409,0.4067853893873173,47.932133195341294,0,1,0.0,0
1774689520.815516,cartservice,684.0619602276169,0.7010000000000001,0.5619708305353366,0.41688586107351067,46.994398436862525,0,1,0.0,0
1774689520.8155184,productcatalog,678.2392718268708,0.7010000000000001,0.5569403225061337,0.3993868112012196,54.217013981010794,0,1,0.0,0
1774689520.8155205,currencyservice,684.1194049603713,0.7010000000000001,0.5374000515838805,0.3894759428794093,45.24248722783515,0,1,0.0,0
1774689520.8155222,checkoutservice,675.7925168445618,0.7010000000000001,0.5483063730463773,0.40614995705437845,48.11628469507771,0,1,0.0,0
1774689520.8155243,adservice,683.5615147689442,0.7010000000000001,0.5522977098261115,0.39832450563552824,47.979153930216064,0,1,0.0,0
1774689520.8155265,recommendservice,684.9487611385342,0.7010000000000001,0.5667413109563937,0.3829098710638197,46.857847648090946,0,1,0.0,0
1774689520.8155282,paymentservice,676.8434265055853,0.7010000000000001,0.555190993673748,0.41680804994784926,54.1411941416343,0,1,0.0,0
1774689520.81553,shippingservice,676.2354374246472,0.7010000000000001,0.5510842278184744,0.38905101294764477,46.54460769431665,0,1,0.0,0
1774689520.8155313,emailservice,683.7895242704697,0.7010000000000001,0.5415987093135595,0.41708463308945026,50.57236475318044,0,1,0.0,0
1774689525.832808,frontend,678.9269259681034,0.7010000000000001,0.5413986488514709,0.4134055364178303,49.64890632666255,0,1,0.0,0
1774689525.8328152,cartservice,683.3609821357358,0.7010000000000001,0.5505459640070289,0.41792566119813784,47.26249261337505,0,1,0.0,0
1774689525.832818,productcatalog,683.906765038493,0.7010000000000001,0.5408324433584281,0.4111060219981461,45.109835251765844,0,1,0.0,0
1774689525.8328211,currencyservice,683.1483324831245,0.7010000000000001,0.5653556530528491,0.41719221589388555,49.28343738923443,0,1,0.0,0
1774689525.832823,checkoutservice,679.0871451401221,0.7010000000000001,0.5430456388388464,0.38965144123531836,49.46665867222895,0,1,0.0,0
1774689525.832825,adservice,680.5008074769862,0.7010000000000001,0.561520611189722,0.3951967269188145,48.2552988920101,0,1,0.0,0
1774689525.8328269,recommendservice,675.8745194522734,0.7010000000000001,0.5621397041209631,0.392114360073759,45.84203182346477,0,1,0.0,0
1774689525.832829,paymentservice,676.0198225993254,0.7010000000000001,0.5691660263060009,0.38728869490401424,52.51273958225387,0,1,0.0,0
1774689525.8328307,shippingservice,678.1519899506312,0.7010000000000001,0.5518100814517688,0.40975183338305565,47.53801333410023,0,1,0.0,0
1774689525.832832,emailservice,683.4477231922174,0.7010000000000001,0.5656424832712336,0.419395442674511,45.36347311093943,0,1,0.0,0
1774689530.8517573,frontend,677.7399994645857,0.7010000000000001,0.5627676833329127,0.38687981101613217,53.81320476412291,0,1,0.0,0
1774689530.8517618,cartservice,682.4884511228114,0.7010000000000001,0.5433268054253138,0.39646113660397436,47.836940378386686,0,1,0.0,0
1774689530.8517652,productcatalog,684.8607341200574,0.7010000000000001,0.5354736380926324,0.38908630592307303,52.388429170153934,0,1,0.0,0
1774689530.8517673,currencyservice,679.8875242622414,0.7010000000000001,0.5569655265851935,0.4157884853650011,49.83668824765629,0,1,0.0,0
1774689530.8517704,checkoutservice,683.8325045213785,0.7010000000000001,0.5369720089082793,0.3991273304579722,54.78793276181662,0,1,0.0,0
1774689530.8517735,adservice,682.0738147561578,0.7010000000000001,0.5611975529114176,0.4008819674576251,46.52297165926433,0,1,0.0,0
1774689530.8517764,recommendservice,679.399034703272,0.7010000000000001,0.5301245612936358,0.4135221618798808,52.896397432194036,0,1,0.0,0
1774689530.8517787,paymentservice,681.107155176397,0.7010000000000001,0.5517780315573718,0.3962821330107955,51.88099102889182,0,1,0.0,0
1774689530.8517807,shippingservice,677.1859766055986,0.7010000000000001,0.5338441707879408,0.4078954519619104,47.54744282133152,0,1,0.0,0
1774689530.851782,emailservice,678.828343878451,0.7010000000000001,0.5540708490281505,0.3873727649103223,45.34820035001445,0,1,0.0,0
1774689535.8690567,frontend,680.5801371683091,0.7010000000000001,0.5426763107622169,0.4106534657541592,46.4072873911947,0,1,0.0,0
1774689535.8690603,cartservice,682.314575770363,0.7010000000000001,0.5576610374504438,0.3888530807558471,52.83068738308519,0,1,0.0,0
1774689535.8690627,productcatalog,683.4506725618397,0.7010000000000001,0.5426509527604493,0.4022414360321859,45.12840680605403,0,1,0.0,0
1774689535.8690648,currencyservice,683.8818512426591,0.7010000000000001,0.5394758918047252,0.4053426452218169,51.90654120876826,0,1,0.0,0
1774689535.8690662,checkoutservice,676.2150264618103,0.7010000000000001,0.5696105361721948,0.38368080299209845,46.9448227018118,0,1,0.0,0
1774689535.8690681,adservice,676.6840571214959,0.7010000000000001,0.5425061008029326,0.41593073325676055,45.44085278615254,0,1,0.0,0
1774689535.8690696,recommendservice,681.7826764971152,0.7010000000000001,0.5544706209655941,0.41987609947945015,49.59274063984601,0,1,0.0,0
1774689535.8690712,paymentservice,678.0051372478325,0.7010000000000001,0.548265192817631,0.3966553077511169,48.24310074596289,0,1,0.0,0
1774689535.8690727,shippingservice,684.3595016963977,0.7010000000000001,0.561402927212269,0.4032949096292706,49.969135879491255,0,1,0.0,0
1774689535.8690739,emailservice,681.3518665339321,0.7010000000000001,0.5545316576917371,0.3819520735559282,50.52603721902508,0,1,0.0,0
1774689540.88811,frontend,676.2805720180372,0.7010000000000001,0.5512126429152958,0.3953926433157359,47.51604248331289,0,1,0.0,0
1774689540.8881135,cartservice,676.847825324554,0.7010000000000001,0.551673104655799,0.3900086484129441,49.56420137572018,0,1,0.0,0
1774689540.8881156,productcatalog,677.7385213867793,0.7010000000000001,0.5391593977675184,0.40259115121069133,48.25007115968503,0,1,0.0,0
1774689540.888118,currencyservice,683.8094407743824,0.7010000000000001,0.5532659018641891,0.4073245194072507,45.98871506703357,0,1,0.0,0
1774689540.8881197,checkoutservice,675.1687513152626,0.7010000000000001,0.5663183176414261,0.3879695418101438,51.695668250790725,0,1,0.0,0
1774689540.8881214,adservice,680.9507972794667,0.7010000000000001,0.5332662133571527,0.40612105376256136,54.4743991921632,0,1,0.0,0
1774689540.888123,recommendservice,676.8125987755667,0.7010000000000001,0.5409598182833819,0.40655090477035727,54.25476679291986,0,1,0.0,0
1774689540.888125,paymentservice,680.0868397954922,0.7010000000000001,0.5514599397896672,0.4000694052744454,45.104011076874,0,1,0.0,0
1774689540.8881264,shippingservice,675.3224450131439,0.7010000000000001,0.5625261028521078,0.3981327581317575,51.31171032763258,0,1,0.0,0
1774689540.8881278,emailservice,683.8027469190076,0.7010000000000001,0.5605327291314827,0.39028779304390593,51.55312857265696,0,1,0.0,0
1774689545.9056733,frontend,680.1826762979848,0.7010000000000001,0.5530729778353243,0.3893282167022616,51.81688601692559,0,1,0.0,0
1774689545.9056787,cartservice,677.4100129712574,0.7010000000000001,0.5575955034867147,0.39090663500831097,54.72147872628856,0,1,0.0,0
1774689545.9056814,productcatalog,682.6374087078108,0.7010000000000001,0.5671780152487202,0.3892859348961224,48.67317736340982,0,1,0.0,0
1774689545.9056847,currencyservice,677.0203154393329,0.7010000000000001,0.5371179621581313,0.407894527942208,47.84311214411254,0,1,0.0,0
1774689545.905689,checkoutservice,680.8480201218416,0.7010000000000001,0.5679375235150631,0.3840594529650882,50.879201407915325,0,1,0.0,0
1774689545.9056938,adservice,682.6542794087303,0.7010000000000001,0.5679091031413586,0.39506649297671204,45.61480891583044,0,1,0.0,0
1774689545.9056973,recommendservice,681.1637374092542,0.7010000000000001,0.555729672810174,0.39572484482677456,45.09603572334988,0,1,0.0,0
1774689545.9057004,paymentservice,678.5578154193466,0.7010000000000001,0.5505322865716414,0.380932204356501,52.39017937697626,0,1,0.0,0
1774689545.9057024,shippingservice,678.0727283729541,0.7010000000000001,0.5344142214101321,0.4000952515557476,51.76414106853044,0,1,0.0,0
1774689545.905705,emailservice,677.033469884283,0.7010000000000001,0.5342781984401972,0.4078261089648962,50.28164459952798,0,1,0.0,0
1774689550.9233277,frontend,679.5883688555751,0.7010000000000001,0.5647573477621336,0.4064671231999871,53.6656861126831,0,1,0.0,0
1774689550.9233336,cartservice,679.0060763647355,0.7010000000000001,0.5338832988681882,0.3842301419166225,46.845049172050864,0,1,0.0,0
1774689550.9233365,productcatalog,679.9485101132797,0.7010000000000001,0.5557136348164646,0.41277043957983106,53.93462702265454,0,1,0.0,0
1774689550.9233387,currencyservice,675.745772070717,0.7010000000000001,0.5512157323565509,0.4084477097448999,51.42744080821867,0,1,0.0,0
1774689550.9233403,checkoutservice,680.8708001731508,0.7010000000000001,0.5656932420380074,0.4031031714285818,47.91004096193207,0,1,0.0,0
1774689550.9233427,adservice,680.1258770560372,0.7010000000000001,0.5484285018715948,0.39268599572624163,49.40307440567158,0,1,0.0,0
1774689550.9233446,recommendservice,678.2662004837081,0.7010000000000001,0.5320235535639364,0.4027746983887291,46.86881620281099,0,1,0.0,0
1774689550.9233465,paymentservice,676.3916680871815,0.7010000000000001,0.5495886951622478,0.3933908407326318,49.722835845221034,0,1,0.0,0
1774689550.9233484,shippingservice,680.3035954110372,0.7010000000000001,0.5314203316592758,0.40541608821458364,54.52484927406822,0,1,0.0,0
1774689550.92335,emailservice,682.1537124987547,0.7010000000000001,0.5619355200473871,0.4147220662125567,48.089985557505614,0,1,0.0,0
1774689555.9403644,frontend,677.7727494562281,0.7010000000000001,0.538072590343119,0.4035192581779574,48.619681447043874,0,1,0.0,0
1774689555.940368,cartservice,676.414377111286,0.7010000000000001,0.5616812769888824,0.4065860159749063,51.46525810470002,0,1,0.0,0
1774689555.94037,productcatalog,682.9105066971737,0.7010000000000001,0.560776687567538,0.4195211250464736,51.491881405258,0,1,0.0,0
1774689555.940372,currencyservice,675.0417483059081,0.7010000000000001,0.5666939923701326,0.4018685944228013,54.818183147450625,0,1,0.0,0
1774689555.940374,checkoutservice,681.1766877326492,0.7010000000000001,0.5431614261764537,0.3959574567424869,52.78483527237911,0,1,0.0,0
1774689555.9403758,adservice,684.7886252579423,0.7010000000000001,0.559467501514667,0.4047342285390841,52.34830417798247,0,1,0.0,0
1774689555.9403777,recommendservice,677.8788890599757,0.7010000000000001,0.5586816041552282,0.4088455878232867,48.21094911035162,0,1,0.0,0
1774689555.9403791,paymentservice,681.222055590752,0.7010000000000001,0.5436270793482002,0.41320492726518154,54.287757455328176,0,1,0.0,0
1774689555.9403803,shippingservice,684.9125242122494,0.7010000000000001,0.5303718153782628,0.3863848897930385,49.49559173100519,0,1,0.0,0
1774689555.9403818,emailservice,683.9757331169475,0.7010000000000001,0.5557103900026424,0.40038165407635784,47.20772246178492,0,1,0.0,0
1774689560.957321,frontend,679.1395662305708,0.7010000000000001,0.5475098841319259,0.4130640620383012,54.728858819009716,0,1,0.0,0
1774689560.957325,cartservice,680.1657638678266,0.7010000000000001,0.5440167358544383,0.38758107111720574,47.729078361870265,0,1,0.0,0
1774689560.9573274,productcatalog,677.4444011045608,0.7010000000000001,0.5356877353393408,0.3824795100004132,46.040767919307996,0,1,0.0,0
1774689560.957329,currencyservice,675.626626477858,0.7010000000000001,0.5497354116680688,0.4001033811656058,45.04572574489341,0,1,0.0,0
1774689560.9573314,checkoutservice,684.0424629435977,0.7010000000000001,0.5341848176915615,0.3937559068261316,49.633933416055875,0,1,0.0,0
1774689560.9573338,adservice,675.5474521156568,0.7010000000000001,0.5621752491212803,0.4042369103705589,51.71684163506281,0,1,0.0,0
1774689560.957336,recommendservice,684.0931444876,0.7010000000000001,0.5603001548097835,0.38921144418681125,45.472335820689565,0,1,0.0,0
1774689560.9573379,paymentservice,679.1254714934723,0.7010000000000001,0.5599369270099752,0.4058288742554944,48.45597540729605,0,1,0.0,0
1774689560.9573398,shippingservice,676.1782086436535,0.7010000000000001,0.5358351550618111,0.38357039643887947,47.29750278374915,0,1,0.0,0
1774689560.9573412,emailservice,684.3585514677438,0.7010000000000001,0.5453585170584402,0.405177087158443,45.80432751996193,0,1,0.0,0
1774689565.9948473,frontend,675.9925442055247,0.7010000000000001,0.5644536588892135,0.3975442267231369,46.677495809303714,0,1,0.0,0
1774689565.9948509,cartservice,679.4415481476382,0.7010000000000001,0.5678725051138559,0.4075208072050792,53.16725237786709,0,1,0.0,0
1774689565.994853,productcatalog,683.449543430864,0.7010000000000001,0.5535756622427487,0.4158716032839887,45.19105055331087,0,1,0.0,0
1774689565.994855,currencyservice,676.9134025016054,0.7010000000000001,0.5556536015099095,0.4094041254143419,49.21486999821405,0,1,0.0,0
1774689565.9948564,checkoutservice,677.6538946894821,0.7010000000000001,0.5507728557367457,0.3957759853309915,45.67579150574755,0,1,0.0,0
1774689565.9948583,adservice,678.662432783584,0.7010000000000001,0.5517318094905848,0.38885925446593805,45.85843918367567,0,1,0.0,0
1774689565.9948597,recommendservice,681.2635781651107,0.7010000000000001,0.5443750959266962,0.3950480215361778,47.364985919800795,0,1,0.0,0
1774689565.9948616,paymentservice,675.4319281163389,0.7010000000000001,0.5332271328014135,0.38372295530102274,47.895456968928,0,1,0.0,0
1774689565.994863,shippingservice,677.5281391076476,0.7010000000000001,0.5318009439492292,0.3815292209519288,50.78544067095003,0,1,0.0,0
1774689565.9948647,emailservice,682.4069936980343,0.7010000000000001,0.5577581001879854,0.3945026518157393,47.21215370764637,0,1,0.0,0
1774689571.011932,frontend,676.4749987263933,0.7010000000000001,0.5632556212265954,0.4036738456546187,49.18628200849602,0,1,0.0,0
1774689571.0119355,cartservice,679.7625430736106,0.7010000000000001,0.5457691166373495,0.38919637236656573,53.99215204662387,0,1,0.0,0
1774689571.0119379,productcatalog,678.1076035428022,0.7010000000000001,0.5365723637887578,0.40517677432032134,53.523000310462145,0,1,0.0,0
1774689571.01194,currencyservice,676.1586481064834,0.7010000000000001,0.5421444506169768,0.4096247818499226,54.21847234672434,0,1,0.0,0
1774689571.011942,checkoutservice,675.3760305008054,0.7010000000000001,0.5473822090351936,0.4097904028889007,47.31888141332931,0,1,0.0,0
1774689571.0119443,adservice,679.217406818789,0.7010000000000001,0.532320396504127,0.389175453195089,50.28565572158096,0,1,0.0,0
1774689571.0119464,recommendservice,684.7930398784755,0.7010000000000001,0.5631025836941072,0.4042865109076681,45.858433864767235,0,1,0.0,0
1774689571.0119483,paymentservice,683.3342689950159,0.7010000000000001,0.5336294088504584,0.40388238651675634,46.31963476355283,0,1,0.0,0
1774689571.01195,shippingservice,679.2780667778976,0.7010000000000001,0.5558254680581893,0.382062989072637,52.711990525069,0,1,0.0,0
1774689571.011952,emailservice,675.9396763982303,0.7010000000000001,0.5581433487543339,0.3940705681106649,49.113741270040435,0,1,0.0,0
1774689576.0288033,frontend,676.5686578916136,0.7010000000000001,0.537035726870313,0.384754501668594,45.46154145032867,0,1,0.0,0
1774689576.0288067,cartservice,676.9554119692434,0.7010000000000001,0.5616038192303341,0.41578769079019057,53.01076982182718,0,1,0.0,0
1774689576.028809,productcatalog,680.2756787352735,0.7010000000000001,0.5480835569249765,0.4075571239620044,51.402429098600734,0,1,0.0,0
1774689576.0288107,currencyservice,681.0290431074158,0.7010000000000001,0.5426852477627433,0.4136322737289947,51.47615393142452,0,1,0.0,0
1774689576.0288122,checkoutservice,682.7060027466308,0.7010000000000001,0.5344235719977856,0.39369814439597955,53.130726252262455,0,1,0.0,0
1774689576.028814,adservice,680.0073544535177,0.7010000000000001,0.5642240804672373,0.38323896576508654,49.73528396551013,0,1,0.0,0
1774689576.028816,recommendservice,681.2555080942001,0.7010000000000001,0.5624914499456574,0.4070379304469198,53.694268221780746,0,1,0.0,0
1774689576.0288181,paymentservice,675.9518431450948,0.7010000000000001,0.568507559439929,0.38694788144014475,45.15520579187303,0,1,0.0,0
1774689576.0288198,shippingservice,676.4546366257549,0.7010000000000001,0.5392110770147723,0.4028410582753076,54.15519219798447,0,1,0.0,0
1774689576.028821,emailservice,680.8214267649774,0.7010000000000001,0.5407567267842854,0.3935598373967462,49.153424733309436,0,1,0.0,0
1774689581.04572,frontend,683.0095601176696,0.7010000000000001,0.5628526347547183,0.41112775576957095,52.686199453992984,0,1,0.0,0
1774689581.0457234,cartservice,684.7543860453866,0.7010000000000001,0.5654565676562565,0.3895418210506856,46.71925073926524,0,1,0.0,0
1774689581.0457256,productcatalog,677.7330582388671,0.7010000000000001,0.5679994376184486,0.38227821475112633,49.987618840608725,0,1,0.0,0
1774689581.0457277,currencyservice,675.9926528683368,0.7010000000000001,0.5684096453042552,0.41721351360489245,52.36108730064221,0,1,0.0,0
1774689581.0457294,checkoutservice,678.1049620674727,0.7010000000000001,0.567435463386753,0.38663488627799897,45.23155047274611,0,1,0.0,0
1774689581.045731,adservice,682.9849606407464,0.7010000000000001,0.5594504202287599,0.4154585014876098,49.666972619244966,0,1,0.0,0
1774689581.045733,recommendservice,682.5508004067545,0.7010000000000001,0.5416417593665236,0.4072063611938393,45.08170988839993,0,1,0.0,0
1774689581.0457344,paymentservice,675.6334455216642,0.7010000000000001,0.5391548023570033,0.40403802908472314,47.410845008728074,0,1,0.0,0
1774689581.0457356,shippingservice,680.9905601065475,0.7010000000000001,0.5344786497528913,0.4069566914300694,49.17141973629589,0,1,0.0,0
1774689581.0457373,emailservice,684.0092529216804,0.7010000000000001,0.5617646973204126,0.40548961837764697,48.785346832402986,0,1,0.0,0
1774689586.0630805,frontend,676.2763008205729,0.7010000000000001,0.5473966461396913,0.3830417204659614,50.71669641211684,0,1,0.0,0
1774689586.0630841,cartservice,681.1662961781466,0.7010000000000001,0.5310925572363161,0.39014650282563307,53.78734525450826,0,1,0.0,0
1774689586.0630863,productcatalog,675.8225217592122,0.7010000000000001,0.5619957733274766,0.4041975013265789,52.14431589829711,0,1,0.0,0
1774689586.0630882,currencyservice,677.481082315453,0.7010000000000001,0.5618416478343018,0.39486486496441486,45.973355167223545,0,1,0.0,0
1774689586.0630898,checkoutservice,682.3023455423958,0.7010000000000001,0.5312885406635305,0.41492780965046777,51.82566430852157,0,1,0.0,0
1774689586.0630918,adservice,678.6345322195408,0.7010000000000001,0.5682163389813699,0.3893349355180644,47.51401390747767,0,1,0.0,0
1774689586.0630932,recommendservice,682.8885987106273,0.7010000000000001,0.5642369995972858,0.38107560307555016,53.51143036294651,0,1,0.0,0
1774689586.0630949,paymentservice,679.9183588121323,0.7010000000000001,0.566076670374777,0.4031453907327789,53.691315111850706,0,1,0.0,0
1774689586.0630963,shippingservice,682.0442196359637,0.7010000000000001,0.5368759369175671,0.40649914916882957,52.466598583926455,0,1,0.0,0
1774689586.063098,emailservice,678.9770618405679,0.7010000000000001,0.543504424438904,0.3838972755483787,53.3044169736979,0,1,0.0,0
1774689591.0799754,frontend,679.1821312457179,0.7010000000000001,0.5418517919799016,0.39865711701679457,54.11363861047999,0,1,0.0,0
1774689591.0799787,cartservice,675.7618336197744,0.7010000000000001,0.5676535027054502,0.3890543533517106,49.229257229070996,0,1,0.0,0
1774689591.079981,productcatalog,675.1012732541637,0.7010000000000001,0.5685236932890602,0.4046249836136819,49.32569726628882,0,1,0.0,0
1774689591.0799828,currencyservice,682.0892100491828,0.7010000000000001,0.5506464425212624,0.41165729234796133,51.76730526833329,0,1,0.0,0
1774689591.0799844,checkoutservice,683.7283295495583,0.7010000000000001,0.5424144597709166,0.4157771026687831,46.05193232844478,0,1,0.0,0
1774689591.0799863,adservice,678.496341001719,0.7010000000000001,0.5501277697668153,0.3918165045538548,45.75886473612584,0,1,0.0,0
1774689591.079988,recommendservice,678.340129317526,0.7010000000000001,0.5477398647445252,0.4155541629989889,52.104368863548316,0,1,0.0,0
1774689591.0799897,paymentservice,680.3257857108204,0.7010000000000001,0.5507773116932537,0.41382309782613347,54.14554344976937,0,1,0.0,0
1774689591.0799913,shippingservice,675.3180898115414,0.7010000000000001,0.5661707242397859,0.3871159726535729,48.74482923970197,0,1,0.0,0
1774689591.0799925,emailservice,680.2773444885096,0.7010000000000001,0.5459090492490487,0.3807189593242868,51.9611796813061,0,1,0.0,0
1774689596.0984616,frontend,683.1711279255483,0.7010000000000001,0.550836471941548,0.40125679303056266,50.68298446871588,0,1,0.0,0
1774689596.098467,cartservice,675.7631484911926,0.7010000000000001,0.5684627367284527,0.3835685351165195,47.41209257223262,0,1,0.0,0
1774689596.0984704,productcatalog,683.5397323045293,0.7010000000000001,0.5311479331827528,0.41146763399152675,52.1074229535041,0,1,0.0,0
1774689596.0984735,currencyservice,682.1188622721443,0.7010000000000001,0.5522693602311539,0.38317024302786906,54.38197129681502,0,1,0.0,0
1774689596.098476,checkoutservice,677.5390273589404,0.7010000000000001,0.5456052057738023,0.38463037565793645,47.37813911795624,0,1,0.0,0
1774689596.0984786,adservice,683.8736774665267,0.7010000000000001,0.5561914470610426,0.410267062794909,53.41941862488213,0,1,0.0,0
1774689596.0984807,recommendservice,679.9240430213972,0.7010000000000001,0.5482018224818026,0.38408838797237194,48.355882957116876,0,1,0.0,0
1774689596.0984828,paymentservice,682.2714692050528,0.7010000000000001,0.5350045358370108,0.4165526645934668,46.05000134299411,0,1,0.0,0
1774689596.098485,shippingservice,680.4347102355848,0.7010000000000001,0.563132702945771,0.410816676052002,46.56776364474276,0,1,0.0,0
1774689596.0984874,emailservice,676.332375544791,0.7010000000000001,0.5397591806475878,0.40278995467560436,50.153295077559285,0,1,0.0,0
1774689601.1149795,frontend,677.0750596752875,0.7010000000000001,0.5478584138083787,0.3912359608306885,51.37491045496435,0,1,0.0,0
1774689601.1149843,cartservice,676.4037841245338,0.7010000000000001,0.5546645957234085,0.40484954302799336,45.08555928778505,0,1,0.0,0
1774689601.1149876,productcatalog,681.8583065100086,0.7010000000000001,0.5602603139081554,0.40969770625651736,48.15329782850278,0,1,0.0,0
1774689601.1149902,currencyservice,682.9182910035281,0.7010000000000001,0.5601221254111067,0.4165646702887372,51.93694301599304,0,1,0.0,0
1774689601.1149926,checkoutservice,682.8875613248488,0.7010000000000001,0.536961319996471,0.41130705469080087,53.13363973076821,0,1,0.0,0
1774689601.1149952,adservice,676.7927695166346,0.7010000000000001,0.5538446183760662,0.4176911284225803,52.59461289343156,0,1,0.0,0
1774689601.1149967,recommendservice,676.837730688024,0.7010000000000001,0.5652955115374739,0.3859507125693356,51.52028915752322,0,1,0.0,0
1774689601.1149983,paymentservice,675.7782534333812,0.7010000000000001,0.5583309580317916,0.39684002817680397,54.36272158344501,0,1,0.0,0
1774689601.115008,shippingservice,675.0587324710067,0.7010000000000001,0.5443678224507696,0.4112350811217337,53.7305933077488,0,1,0.0,0
1774689601.1150095,emailservice,682.6732237928222,0.7010000000000001,0.5304490215461879,0.387479094772717,50.166820036890954,0,1,0.0,0
1774689606.1321201,frontend,681.1614509380496,0.7010000000000001,0.5480995783148216,0.41324212383966613,48.43935069983334,0,1,0.0,0
1774689606.1321244,cartservice,684.4564354912374,0.7010000000000001,0.5337649721429716,0.41137638923450487,48.287757758881966,0,1,0.0,0
1774689606.1321266,productcatalog,676.797506061329,0.7010000000000001,0.5582089790571344,0.3890433725399226,45.5861738945048,0,1,0.0,0
1774689606.1321285,currencyservice,681.0497021777747,0.7010000000000001,0.5368294525936108,0.4116273465378062,48.64620462112972,0,1,0.0,0
1774689606.1321301,checkoutservice,679.8995414135925,0.7010000000000001,0.5683577316228293,0.40330015580304224,54.25635524743401,0,1,0.0,0
1774689606.1321318,adservice,680.2629518574323,0.7010000000000001,0.538029359495235,0.3841631607867678,47.015903987751685,0,1,0.0,0
1774689606.1321337,recommendservice,682.7183101987769,0.7010000000000001,0.5453487730786079,0.3841352983116546,54.51838608307916,0,1,0.0,0
1774689606.1321352,paymentservice,678.3801581163576,0.7010000000000001,0.5494710801424355,0.4005441728214465,50.47134082263515,0,1,0.0,0
1774689606.132137,shippingservice,683.401861316637,0.7010000000000001,0.5670618005601171,0.41553254635120557,54.10229621063304,0,1,0.0,0
1774689606.1321385,emailservice,676.2172347146173,0.7010000000000001,0.560313889586766,0.4129546508122132,49.10090098702089,0,1,0.0,0
1774689611.149369,frontend,684.4681734614256,0.7010000000000001,0.5654094694500289,0.3884974003696133,47.22527874247263,0,1,0.0,0
1774689611.1493745,cartservice,684.1297079620284,0.7010000000000001,0.5306392241867776,0.38151558641080596,47.64515765939466,0,1,0.0,0
1774689611.1493769,productcatalog,676.5764913492815,0.7010000000000001,0.5683941465346235,0.4070909895925369,47.96313881555389,0,1,0.0,0
1774689611.1493785,currencyservice,682.7026781722509,0.7010000000000001,0.5402944849764425,0.3882279932807643,48.38072001980516,0,1,0.0,0
1774689611.1493802,checkoutservice,677.1077984212839,0.7010000000000001,0.5489987495540466,0.40496355328500366,54.92625845313666,0,1,0.0,0
1774689611.1493819,adservice,681.7752667671538,0.7010000000000001,0.5667216574280025,0.3882783613975332,48.88126974828101,0,1,0.0,0
1774689611.1493833,recommendservice,682.38251149196,0.7010000000000001,0.5320762944801279,0.3920576761726598,48.5346275671815,0,1,0.0,0
1774689611.1493852,paymentservice,680.5102606091032,0.7010000000000001,0.5557342166992377,0.41215649395884374,48.64455025210751,0,1,0.0,0
1774689611.1493871,shippingservice,676.842850815051,0.7010000000000001,0.5353666585543795,0.40365462943098523,52.2535516199451,0,1,0.0,0
1774689611.1493886,emailservice,677.562222781079,0.7010000000000001,0.5337971412176443,0.4083276022353102,45.441890930433026,0,1,0.0,0
1774689616.1689398,frontend,679.3510425203044,0.7010000000000001,0.5421059121547103,0.41506636696930077,52.01035901747832,0,1,0.0,0
1774689616.1689434,cartservice,676.0719940016088,0.7010000000000001,0.537931112515141,0.3906826259629633,50.012296615782994,0,1,0.0,0
1774689616.168946,productcatalog,683.7271782550858,0.7010000000000001,0.5468155785929408,0.3882362225603684,49.434689986058615,0,1,0.0,0
1774689616.168948,currencyservice,684.0118225822948,0.7010000000000001,0.5517632873531425,0.4191370885253621,47.05196993168653,0,1,0.0,0
1774689616.1689496,checkoutservice,675.4957628833426,0.7010000000000001,0.564614570581191,0.4194965010767208,48.27846366103773,0,1,0.0,0
1774689616.1689517,adservice,676.4999886995762,0.7010000000000001,0.5395939529279933,0.41695311699568954,45.58992661097277,0,1,0.0,0
1774689616.1689537,recommendservice,678.100870802181,0.7010000000000001,0.5549287469704977,0.3908013603860057,51.32540624287721,0,1,0.0,0
1774689616.1689553,paymentservice,679.2263160527375,0.7010000000000001,0.5348377870320953,0.4187150645950551,46.28374695139994,0,1,0.0,0
1774689616.1689572,shippingservice,678.4104356077521,0.7010000000000001,0.5481373431560915,0.3959412406920116,53.8876560569785,0,1,0.0,0
1774689616.1689584,emailservice,679.0636342540698,0.7010000000000001,0.558820129621486,0.40595221531393605,45.434151697581605,0,1,0.0,0
1774689621.1861296,frontend,680.4402669628037,0.7010000000000001,0.5504057971107261,0.3837149123591753,51.49234703785672,0,1,0.0,0
1774689621.1861339,cartservice,680.0070689661287,0.7010000000000001,0.5502420372503201,0.41679756286931297,52.73561857670832,0,1,0.0,0
1774689621.186136,productcatalog,676.6992085314556,0.7010000000000001,0.560134991613802,0.3859839090435679,48.61306416187767,0,1,0.0,0
1774689621.1861382,currencyservice,682.9191645848192,0.7010000000000001,0.5458553609309231,0.39065674069902323,52.09159687160666,0,1,0.0,0
1774689621.1861398,checkoutservice,676.1249558370051,0.7010000000000001,0.5696282486274437,0.4167391393511076,49.198322841191406,0,1,0.0,0
1774689621.1861413,adservice,681.5375616005063,0.7010000000000001,0.5337014077466482,0.40134895978147195,48.46647217855602,0,1,0.0,0
1774689621.1861432,recommendservice,680.4734988527466,0.7010000000000001,0.5346833616552236,0.41319211783380305,51.0519449766411,0,1,0.0,0
1774689621.1861453,paymentservice,683.3054656365122,0.7010000000000001,0.533578363865962,0.4091261345303536,50.58796327852126,0,1,0.0,0
1774689621.1861467,shippingservice,678.0155775704778,0.7010000000000001,0.5664593476613565,0.4032286960239995,54.463849995916526,0,1,0.0,0
1774689621.1861484,emailservice,678.3757309235044,0.7010000000000001,0.5412040406570549,0.3858847659331335,54.99747627865703,0,1,0.0,0
1774689626.2026997,frontend,682.0423605821904,0.7010000000000001,0.5446270368277712,0.39470569602621935,46.33135533742204,0,1,0.0,0
1774689626.2027037,cartservice,678.2569963527269,0.7010000000000001,0.5375380204484451,0.40536225487818006,47.476391975539684,0,1,0.0,0
1774689626.2027059,productcatalog,676.8210001243332,0.7010000000000001,0.5542754350232839,0.38470780830046325,50.4725936405985,0,1,0.0,0
1774689626.2027082,currencyservice,677.3900883451619,0.7010000000000001,0.551816956152334,0.39710660956350446,47.50448950765041,0,1,0.0,0
1774689626.2027097,checkoutservice,677.0731847909392,0.7010000000000001,0.5510798404718854,0.41281944212723065,54.126795957298135,0,1,0.0,0
1774689626.2027116,adservice,682.192193896657,0.7010000000000001,0.5621106956049192,0.40995230023291573,54.74887934393132,0,1,0.0,0
1774689626.2027133,recommendservice,682.2355205524989,0.7010000000000001,0.5628142711722217,0.4080716225781362,48.9867486832555,0,1,0.0,0
1774689626.2027154,paymentservice,676.416895241358,0.7010000000000001,0.561789957520335,0.3986130463436773,45.92991519611761,0,1,0.0,0
1774689626.202717,shippingservice,683.3279025964537,0.7010000000000001,0.5300247660548636,0.39574916984444775,45.18827659016098,0,1,0.0,0
1774689626.2027187,emailservice,682.8009171104364,0.7010000000000001,0.5571388215422236,0.3803838080381486,52.64668038892742,0,1,0.0,0
1774689631.220097,frontend,682.6249058884563,0.7010000000000001,0.5369780647285047,0.41894364299232545,50.83209818210585,0,1,0.0,0
1774689631.2201018,cartservice,680.4029088076,0.7010000000000001,0.5357251522838276,0.4030102784899456,51.0501571624576,0,1,0.0,0
1774689631.2201052,productcatalog,683.8081681082537,0.7010000000000001,0.5543171807793731,0.4149474594468229,48.279503335996225,0,1,0.0,0
1774689631.220108,currencyservice,682.4077211420077,0.7010000000000001,0.5419990640621337,0.41740995366120426,47.578469479619194,0,1,0.0,0
1774689631.2201102,checkoutservice,680.3995445006216,0.7010000000000001,0.5472402469546946,0.38628768102463057,47.062397847455884,0,1,0.0,0
1774689631.2201118,adservice,680.0645380152143,0.7010000000000001,0.5547689168605868,0.4133834013898434,47.80704573135864,0,1,0.0,0
1774689631.2201138,recommendservice,682.9188797921943,0.7010000000000001,0.545126081429627,0.40652976293158455,51.70730452880253,0,1,0.0,0
1774689631.2201154,paymentservice,684.2954724739327,0.7010000000000001,0.532418076548989,0.4068896898671831,49.66554493972417,0,1,0.0,0
1774689631.2201169,shippingservice,675.6543961345586,0.7010000000000001,0.5402274557256873,0.39996581650504964,50.009713319644135,0,1,0.0,0
1774689631.220118,emailservice,680.7414089992371,0.7010000000000001,0.5376247386667751,0.38105974249574787,52.19480608844824,0,1,0.0,0
1774689636.2376275,frontend,678.9179472165289,0.7010000000000001,0.5519240001824093,0.41832915782481145,50.47293460189019,0,1,0.0,0
1774689636.237631,cartservice,679.8783327683341,0.7010000000000001,0.5415097991832161,0.41333638399657685,49.101083469947326,0,1,0.0,0
1774689636.2376332,productcatalog,684.2806119548566,0.7010000000000001,0.5648303728041429,0.4186504468684855,46.129720100661324,0,1,0.0,0
1774689636.2376356,currencyservice,683.8786757212379,0.7010000000000001,0.5517394265581161,0.3872983566789817,51.592411490752504,0,1,0.0,0
1774689636.2376375,checkoutservice,682.4684709793188,0.7010000000000001,0.5527926029103291,0.40085427864136136,46.95556757688928,0,1,0.0,0
1774689636.2376392,adservice,679.382054032084,0.7010000000000001,0.5300197441026205,0.4149633890536081,52.14056993919603,0,1,0.0,0
1774689636.2376409,recommendservice,684.3906307830671,0.7010000000000001,0.5357978117713662,0.4029453252409959,53.616966121884765,0,1,0.0,0
1774689636.2376425,paymentservice,683.503036100714,0.7010000000000001,0.5647025378316836,0.40171589625541493,52.3474558024931,0,1,0.0,0
1774689636.2376442,shippingservice,684.2166987642469,0.7010000000000001,0.5598273084348655,0.41043347604017444,54.18026519178405,0,1,0.0,0
1774689636.2376456,emailservice,680.3369352125867,0.7010000000000001,0.5333490185179848,0.4132049757549169,53.33113188671667,0,1,0.0,0
1774689641.2729344,frontend,675.8400104762402,0.7010000000000001,0.5481026094944921,0.4075048009485251,51.692562933081845,0,1,0.0,0
1774689641.272938,cartservice,678.3967354426196,0.7010000000000001,0.5612444941784226,0.4037104634815117,53.82678643988126,0,1,0.0,0
1774689641.2729404,productcatalog,675.6546162835967,0.7010000000000001,0.5459508789524067,0.4169858287906109,50.92720896621027,0,1,0.0,0
1774689641.272942,currencyservice,679.0960799662079,0.7010000000000001,0.5324517967619691,0.4039963626941328,50.37328903408501,0,1,0.0,0
1774689641.2729442,checkoutservice,679.0889557047915,0.7010000000000001,0.552277028437837,0.38128462667464147,48.845182331576176,0,1,0.0,0
1774689641.2729456,adservice,682.6443396060605,0.7010000000000001,0.5396819145846085,0.38389026910587953,46.51509216450179,0,1,0.0,0
1774689641.2729468,recommendservice,675.1749971572342,0.7010000000000001,0.5673749977011292,0.38639407581133156,53.36261806962858,0,1,0.0,0
1774689641.2729485,paymentservice,677.6162854197361,0.7010000000000001,0.5680798311517034,0.38051352983364983,54.389660800674505,0,1,0.0,0
1774689641.2729497,shippingservice,675.7783386029494,0.7010000000000001,0.542535029501669,0.40100960718315215,54.07705512779776,0,1,0.0,0
1774689641.2729511,emailservice,676.203888966956,0.7010000000000001,0.5478055391487148,0.41658810568383015,46.88631491334718,0,1,0.0,0
1774689646.2899907,frontend,683.2007497399882,0.7010000000000001,0.5687323084389148,0.3934896237991671,48.12109325872687,0,1,0.0,0
1774689646.289994,cartservice,679.6162776492424,0.7010000000000001,0.5381648504194501,0.384806512679198,46.240014184080685,0,1,0.0,0
1774689646.2899969,productcatalog,683.0878539790896,0.7010000000000001,0.5640058969272663,0.38548185925105133,51.878792059587695,0,1,0.0,0
1774689646.2900078,currencyservice,675.1771328789631,0.7010000000000001,0.5606509451630948,0.41380043386628274,51.051299866661154,0,1,0.0,0
1774689646.2900112,checkoutservice,678.0843959780827,0.7010000000000001,0.5350343024902432,0.3819900587736677,50.758126982411625,0,1,0.0,0
1774689646.2900138,adservice,680.599187622863,0.7010000000000001,0.563103856834975,0.4125071669460657,54.351707049741655,0,1,0.0,0
1774689646.290016,recommendservice,675.9725391896816,0.7010000000000001,0.5407365488523259,0.3949387670766035,54.26265197050593,0,1,0.0,0
1774689646.290018,paymentservice,678.1030051551686,0.7010000000000001,0.5370692032066935,0.38736586311867527,53.40934460656898,0,1,0.0,0
1774689646.2900193,shippingservice,681.0398514370265,0.7010000000000001,0.5440344781330646,0.3921319772768887,53.38512408458456,0,1,0.0,0
1774689646.290021,emailservice,679.2974882157101,0.7010000000000001,0.5373894438487508,0.3814234443783439,50.20104131675409,0,1,0.0,0
